<?xml version="1.0" encoding="UTF-8"?>
<project-private xmlns="http://www.netbeans.org/ns/project-private/1">
    <editor-bookmarks xmlns="http://www.netbeans.org/ns/editor-bookmarks/2" lastBookmarkId="0"/>
    <open-files xmlns="http://www.netbeans.org/ns/projectui-open-files/2">
        <group>
            <file>file:/F:/New%20Folder/Taller3_Parte2/src/taller3_parte2/FigurasGeometricas.java</file>
            <file>file:/F:/New%20Folder/Taller3_Parte2/src/taller3_parte2/IUTaller3_Parte2.java</file>
            <file>file:/F:/New%20Folder/Taller3_Parte2/src/taller3_parte2/Formulario.java</file>
        </group>
    </open-files>
</project-private>
